City_ID,City,Country,Date,Lat,Lng,Max Temp,Humidity,Cloudiness,Wind Speed
0,Butaritari,KI,2022-04-05 17:23:46,3.0707,172.7902,80.71,82,33,15.26
1,Qui Nhon,VN,2022-04-05 17:23:47,13.7667,109.2333,74.26,83,99,15.37
2,Sjenica,RS,2022-04-05 17:23:48,43.2731,19.9994,42.12,50,0,1.54
3,Fortuna,US,2022-04-05 17:23:48,40.5982,-124.1573,52.14,86,0,10.36
4,Bredasdorp,ZA,2022-04-05 17:20:18,-34.5322,20.0403,61.88,64,17,15.84
5,Hasaki,JP,2022-04-05 17:23:48,35.7333,140.8333,50.4,71,100,6.22
6,Mataura,NZ,2022-04-05 17:19:08,-46.1927,168.8643,49.15,94,100,8.41
7,Carnarvon,AU,2022-04-05 17:23:49,-24.8667,113.6333,75.27,78,0,12.66
8,Pevek,RU,2022-04-05 17:23:49,69.7008,170.3133,-26.21,100,80,5.37
9,Hermanus,ZA,2022-04-05 17:19:05,-34.4187,19.2345,61.81,73,25,16.75
10,Port Elizabeth,ZA,2022-04-05 17:19:04,-33.918,25.5701,66.31,66,11,7.0
11,Scottsboro,US,2022-04-05 17:23:50,34.6723,-86.0341,61.66,100,100,6.91
12,Bethel,US,2022-04-05 17:19:09,41.3712,-73.414,58.64,47,100,10.36
13,Japura,ID,2022-04-05 17:23:50,-0.3167,102.35,74.37,96,87,1.12
14,Saint-Philippe,RE,2022-04-05 17:23:51,-21.3585,55.7679,78.39,86,73,9.66
15,Avarua,CK,2022-04-05 17:19:13,-21.2078,-159.775,77.05,94,40,3.44
16,Fare,PF,2022-04-05 17:23:51,-16.7,-151.0167,82.65,75,7,21.97
17,Pangnirtung,CA,2022-04-05 17:23:51,66.1451,-65.7125,8.6,78,75,8.05
18,Lyuban,BY,2022-04-05 17:23:52,52.7985,28.0048,35.56,96,100,15.86
19,Caravelas,BR,2022-04-05 17:23:52,-17.7125,-39.2481,85.53,57,4,8.12
20,Busselton,AU,2022-04-05 17:20:17,-33.65,115.3333,56.86,71,54,6.93
21,Esna,EG,2022-04-05 17:23:53,25.2934,32.554,91.42,6,0,5.53
22,Iraray,PH,2022-04-05 17:23:53,8.9936,118.0511,75.54,96,100,3.58
23,Rikitea,PF,2022-04-05 17:19:11,-23.1203,-134.9692,78.57,68,13,19.8
24,Abha,SA,2022-04-05 17:23:53,18.2164,42.5053,71.42,21,0,0.0
25,Puerto Ayora,EC,2022-04-05 17:23:54,-0.7393,-90.3518,84.16,86,71,3.0
26,Kapaa,US,2022-04-05 17:19:01,22.0752,-159.319,71.92,94,75,10.36
27,Iberia,US,2022-04-05 17:23:54,29.9502,-91.7507,79.05,78,100,16.11
28,Port Lincoln,AU,2022-04-05 17:23:55,-34.7333,135.8667,60.67,78,46,15.73
29,Sao Filipe,CV,2022-04-05 17:20:26,14.8961,-24.4956,70.5,73,9,14.76
30,Victoria,HK,2022-04-05 17:18:31,22.2855,114.1577,72.95,72,10,4.0
31,Hithadhoo,MV,2022-04-05 17:20:20,-0.6,73.0833,83.23,66,7,4.0
32,Valparaiso,CL,2022-04-05 17:23:55,-33.0393,-71.6273,68.23,55,0,10.36
33,Ciudad Guayana,VE,2022-04-05 17:23:56,8.3533,-62.6528,90.28,44,88,6.17
34,Cape Town,ZA,2022-04-05 17:16:21,-33.9258,18.4232,62.28,86,40,8.05
35,Dakar,SN,2022-04-05 17:23:56,14.6937,-17.4441,74.28,73,0,21.85
36,Maldonado,UY,2022-04-05 17:23:57,-34.6667,-54.9167,74.59,21,0,3.96
37,Georgetown,MY,2022-04-05 17:23:57,5.4112,100.3354,78.73,98,40,2.3
38,Yerbogachen,RU,2022-04-05 17:23:57,61.2767,108.0108,14.18,94,100,3.71
39,Hamilton,US,2022-04-05 17:21:44,39.1834,-84.5333,54.23,95,100,8.05
40,Englewood,US,2022-04-05 17:21:13,39.6478,-104.9878,57.49,26,10,20.92
41,Kutum,SD,2022-04-05 17:23:58,14.2,24.6667,87.57,11,5,11.86
42,Hobart,AU,2022-04-05 17:19:22,-42.8794,147.3294,53.46,71,100,6.91
43,Surin,TH,2022-04-05 17:23:58,14.8818,103.4936,81.41,92,53,8.86
44,Sembe,CG,2022-04-05 17:23:59,1.6481,14.5806,73.2,92,79,2.06
45,Barrow,US,2022-04-05 17:20:00,71.2906,-156.7887,-14.78,84,100,6.91
46,Nelson Bay,AU,2022-04-05 17:23:59,-32.7167,152.15,66.99,96,0,4.47
47,Kahului,US,2022-04-05 17:25:00,20.8947,-156.47,74.84,75,20,12.66
48,Beinamar,TD,2022-04-05 17:25:00,8.6698,15.3813,94.95,26,75,5.59
49,Punta Arenas,CL,2022-04-05 17:19:06,-53.15,-70.9167,46.51,46,40,11.5
50,Ribeira Grande,PT,2022-04-05 17:25:01,38.5167,-28.7,64.8,77,75,8.05
51,Zabol,AF,2022-04-05 17:25:01,32.25,67.25,65.95,16,0,9.31
52,Chuy,UY,2022-04-05 17:19:05,-33.6971,-53.4616,72.57,30,0,4.18
53,Hilo,US,2022-04-05 17:20:04,19.7297,-155.09,70.25,90,100,3.44
54,Toktogul,KG,2022-04-05 17:25:02,41.8708,72.9402,56.84,49,0,4.97
55,Neiafu,TO,2022-04-05 17:25:02,-18.65,-173.9833,77.68,83,75,5.75
56,Rundu,NA,2022-04-05 17:25:02,-17.9333,19.7667,75.49,53,69,3.38
57,Albany,US,2022-04-05 17:19:04,42.6001,-73.9662,56.88,43,49,1.01
58,Codrington,AU,2022-04-05 17:25:03,-38.2667,141.9667,59.34,73,100,10.31
59,Chokurdakh,RU,2022-04-05 17:25:03,70.6333,147.9167,-18.8,100,96,5.39
60,Egvekinot,RU,2022-04-05 17:25:04,66.3167,-179.1667,-14.31,72,58,6.08
61,Lompoc,US,2022-04-05 17:25:04,34.6391,-120.4579,80.56,56,0,21.99
62,Lebu,CL,2022-04-05 17:16:16,-37.6167,-73.65,60.31,77,57,12.46
63,Husavik,IS,2022-04-05 17:25:04,66.0449,-17.3389,26.28,93,100,25.41
64,San Juan,AR,2022-04-05 17:20:05,-31.5375,-68.5364,80.89,26,0,4.03
65,Dikson,RU,2022-04-05 17:25:05,73.5069,80.5464,4.95,74,100,16.87
66,Kodiak,US,2022-04-05 17:25:05,57.79,-152.4072,26.11,80,0,5.75
67,Saldanha,ZA,2022-04-05 17:25:06,-33.0117,17.9442,62.65,78,8,5.95
68,Grand Gaube,MU,2022-04-05 17:25:06,-20.0064,57.6608,79.2,86,73,4.0
69,Mar Del Plata,AR,2022-04-05 17:15:55,-38.0023,-57.5575,75.22,40,0,21.85
70,Bhanvad,IN,2022-04-05 17:25:06,21.9264,69.7736,78.24,53,32,10.98
71,Yaring,TH,2022-04-05 17:25:07,6.8662,101.3689,80.29,86,99,5.46
72,Saskylakh,RU,2022-04-05 17:20:15,71.9167,114.0833,-24.65,100,82,1.54
73,Bodden Town,KY,2022-04-05 17:25:07,19.2833,-81.25,86.0,75,20,12.66
74,Arman,RU,2022-04-05 17:25:08,59.7,150.1667,9.64,86,99,10.85
75,Bossangoa,CF,2022-04-05 17:25:08,6.4926,17.4552,80.28,63,89,7.63
76,Billings,US,2022-04-05 17:25:08,45.7833,-108.5007,44.37,31,75,37.98
77,Ushuaia,AR,2022-04-05 17:17:57,-54.8,-68.3,38.86,81,75,23.02
78,Ahuimanu,US,2022-04-05 17:25:09,21.4447,-157.8378,74.35,80,75,10.36
79,Yellowknife,CA,2022-04-05 17:24:06,62.456,-114.3525,33.42,82,75,10.36
80,Christchurch,NZ,2022-04-05 17:25:09,-43.5333,172.6333,62.8,74,46,1.14
81,Clyde River,CA,2022-04-05 17:20:28,70.4692,-68.5914,12.43,73,20,4.61
82,Arraial Do Cabo,BR,2022-04-05 17:25:10,-22.9661,-42.0278,82.36,83,40,16.11
83,Cherskiy,RU,2022-04-05 17:25:10,68.75,161.3,-21.23,99,9,2.01
84,Iqaluit,CA,2022-04-05 17:20:23,63.7506,-68.5145,8.33,78,75,25.32
85,Tinskoy,RU,2022-04-05 17:25:10,56.1525,96.9161,34.77,96,100,3.89
86,Tarko-Sale,RU,2022-04-05 17:25:11,64.9225,77.785,34.29,100,100,22.03
87,Longyearbyen,SJ,2022-04-05 17:25:11,78.2186,15.6401,12.04,57,0,17.27
88,Khatanga,RU,2022-04-05 17:20:21,71.9667,102.5,-14.26,93,5,7.2
89,Zhigansk,RU,2022-04-05 17:25:11,66.7697,123.3711,-8.1,100,94,9.33
90,Zhuhai,CN,2022-04-05 17:25:12,22.2769,113.5678,71.85,83,0,1.14
91,Thinadhoo,MV,2022-04-05 17:21:18,0.5333,72.9333,83.34,71,11,3.56
92,Severo-Kurilsk,RU,2022-04-05 17:19:10,50.6789,156.125,31.64,63,2,4.65
93,Winnemucca,US,2022-04-05 17:25:13,40.973,-117.7357,44.65,31,0,11.5
94,Santa Catarina,BR,2022-04-05 17:26:14,-27.0,-50.0,78.87,54,65,3.98
95,Zurrieq,MT,2022-04-05 17:26:14,35.8311,14.4742,58.96,82,20,6.91
96,Pilar,BR,2022-04-05 17:26:14,-9.5972,-35.9567,85.93,66,98,9.08
97,New Norfolk,AU,2022-04-05 17:26:15,-42.7826,147.0587,53.1,67,88,1.63
98,Ixtapa,MX,2022-04-05 17:26:15,20.7,-105.2,78.03,53,0,2.3
99,Constitucion,CL,2022-04-05 17:26:16,-35.3333,-72.4167,66.76,53,1,8.95
100,Quelimane,MZ,2022-04-05 17:26:16,-17.8786,36.8883,82.35,83,20,10.36
101,Angren,UZ,2022-04-05 17:26:16,41.0167,70.1436,63.12,38,2,7.7
102,Mansa,IN,2022-04-05 17:26:17,29.9833,75.3833,80.08,8,1,3.74
103,Talnakh,RU,2022-04-05 17:26:17,69.4865,88.3972,8.64,76,73,8.05
104,Hluti,SZ,2022-04-05 17:26:17,-27.2167,31.6167,69.75,81,0,8.72
105,Vilhena,BR,2022-04-05 17:26:18,-12.7406,-60.1458,88.02,58,40,3.44
106,Qaanaaq,GL,2022-04-05 17:26:18,77.484,-69.3632,14.79,88,69,1.79
107,Veinticinco De Mayo,AR,2022-04-05 17:26:18,-35.4323,-60.1727,77.99,33,0,1.01
108,Portland,US,2022-04-05 17:26:12,45.5234,-122.6762,50.38,72,40,16.11
109,Vaini,TO,2022-04-05 17:18:59,-21.2,-175.2,71.76,94,20,1.14
110,Belmonte,BR,2022-04-05 17:26:19,-15.8631,-38.8828,84.16,64,20,7.25
111,Si Chiang Mai,TH,2022-04-05 17:26:19,17.9564,102.5867,80.94,99,12,7.27
112,Ponta Do Sol,PT,2022-04-05 17:26:20,32.6667,-17.1,62.71,60,56,6.42
113,Cidreira,BR,2022-04-05 17:26:20,-30.1811,-50.2056,71.62,69,95,9.48
114,Jamestown,US,2022-04-05 17:17:45,42.097,-79.2353,61.05,37,0,9.22
115,Hobyo,SO,2022-04-05 17:26:21,5.3505,48.5268,82.06,71,24,12.88
116,Bembereke,BJ,2022-04-05 17:26:22,10.2283,2.6634,97.97,23,66,8.79
117,Cabo San Lucas,MX,2022-04-05 17:22:18,22.8909,-109.9124,77.61,64,0,9.22
118,Cayenne,GF,2022-04-05 17:26:22,4.9333,-52.3333,76.08,1,75,9.22
119,Rawson,AR,2022-04-05 17:26:23,-43.3002,-65.1023,74.91,35,28,24.45
120,Sorong,ID,2022-04-05 17:26:23,-0.8833,131.25,79.75,82,100,10.69
121,Tuktoyaktuk,CA,2022-04-05 17:20:29,69.4541,-133.0374,-16.6,69,40,6.91
122,Krasnaya Polyana,RU,2022-04-05 17:26:24,56.242,51.1442,25.12,96,77,7.2
123,Thompson,CA,2022-04-05 17:19:09,55.7435,-97.8558,35.76,75,100,11.5
124,Marietta,US,2022-04-05 17:26:22,33.9526,-84.5499,56.3,96,100,13.8
125,Port Alfred,ZA,2022-04-05 17:19:09,-33.5906,26.891,65.52,74,8,8.05
126,Davidson,US,2022-04-05 17:26:24,36.1501,-86.7833,58.05,84,75,11.5
127,Port Hardy,CA,2022-04-05 17:22:04,50.6996,-127.4199,44.78,76,40,11.5
128,Mahebourg,MU,2022-04-05 17:26:25,-20.4081,57.7,79.09,89,75,6.91
129,Zaliztsi,UA,2022-04-05 17:26:25,49.7919,25.373,39.43,91,100,14.56
130,Yakeshi,CN,2022-04-05 17:26:26,49.2833,120.7333,8.91,69,25,6.13
131,Zanjan,IR,2022-04-05 17:26:26,36.6736,48.4787,60.3,27,17,5.84
132,Itumbiara,BR,2022-04-05 17:26:26,-18.4192,-49.2153,89.62,39,3,5.21
133,Haines Junction,CA,2022-04-05 17:26:27,60.7522,-137.5108,33.75,51,90,6.91
134,Emerald,AU,2022-04-05 17:23:57,-23.5333,148.1667,70.34,57,29,12.01
135,Scarborough,GB,2022-04-05 17:26:27,54.2797,-0.4044,51.91,77,100,8.01
136,Castro,BR,2022-04-05 17:20:22,-24.7911,-50.0119,78.15,61,28,6.64
137,Touros,BR,2022-04-05 17:19:12,-5.1989,-35.4608,84.7,66,99,13.91
138,Nishihara,JP,2022-04-05 17:27:28,26.1842,127.7558,65.48,70,100,10.36
139,Kavieng,PG,2022-04-05 17:27:28,-2.5744,150.7967,79.02,88,100,15.97
140,Vostok,RU,2022-04-05 17:27:28,46.4856,135.8833,20.37,79,72,8.88
141,Skjervoy,NO,2022-04-05 17:27:29,70.0311,20.9714,28.4,66,100,22.95
142,Saint George,US,2022-04-05 17:19:37,37.1041,-113.5841,77.63,20,0,10.0
143,Tasiilaq,GL,2022-04-05 17:19:10,65.6145,-37.6368,28.56,86,55,5.21
144,Petauke,ZM,2022-04-05 17:27:29,-14.2426,31.3253,68.23,95,98,3.56
145,Kruisfontein,ZA,2022-04-05 17:27:30,-34.0033,24.7314,63.88,77,29,7.29
146,Pontianak,ID,2022-04-05 17:27:30,-0.0333,109.3333,75.18,94,75,3.44
147,Nikolskoye,RU,2022-04-05 17:18:59,59.7035,30.7861,36.88,78,99,12.19
148,Garh Maharaja,PK,2022-04-05 17:27:31,30.8339,71.9053,83.79,7,36,4.38
149,Manjacaze,MZ,2022-04-05 17:27:31,-24.7117,33.8828,80.19,60,94,9.31
150,Alofi,NU,2022-04-05 17:27:31,-19.0595,-169.9187,71.49,100,100,3.44
151,Kaeo,NZ,2022-04-05 17:27:32,-35.1,173.7833,67.32,96,100,5.59
152,Grindavik,IS,2022-04-05 17:27:33,63.8424,-22.4338,30.15,69,75,26.46
153,Torbay,CA,2022-04-05 17:27:33,47.6666,-52.7314,40.26,95,100,14.97
154,Muravlenko,RU,2022-04-05 17:27:34,63.7898,74.523,34.65,100,100,19.71
155,Atuona,PF,2022-04-05 17:20:30,-9.8,-139.0333,78.42,78,56,22.5
156,Birao,CF,2022-04-05 17:27:35,10.2849,22.7882,95.97,17,20,2.68
157,Port Hedland,AU,2022-04-05 17:27:35,-20.3167,118.5667,82.45,74,6,5.75
158,Podgorenskiy,RU,2022-04-05 17:27:35,50.405,39.6429,42.06,56,100,10.09
159,Klaksvik,FO,2022-04-05 17:27:36,62.2266,-6.589,36.52,54,96,16.53
160,Vung Tau,VN,2022-04-05 17:27:36,10.346,107.0843,79.92,83,69,14.05
161,Katobu,ID,2022-04-05 17:27:37,-4.9408,122.5276,73.89,90,50,2.68
162,Alice Springs,AU,2022-04-05 17:27:37,-23.7,133.8833,69.22,32,2,8.05
163,Olafsvik,IS,2022-04-05 17:27:38,64.8945,-23.7142,28.63,62,100,32.97
164,Maralal,KE,2022-04-05 17:27:38,1.0968,36.698,67.86,53,49,15.82
165,Puerto Quijarro,BO,2022-04-05 17:27:39,-17.7833,-57.7667,99.41,27,6,5.64
166,Bluff,NZ,2022-04-05 17:19:07,-46.6,168.3333,53.31,72,100,28.72
167,Kosh-Agach,RU,2022-04-05 17:27:39,50.0,88.6667,29.14,71,37,3.83
168,Half Moon Bay,US,2022-04-05 17:26:59,37.4636,-122.4286,62.74,59,0,5.75
169,Bogovarovo,RU,2022-04-05 17:27:40,58.9785,47.0246,27.14,93,73,5.23
170,Verkhnyaya Inta,RU,2022-04-05 17:27:40,65.9811,60.3094,12.36,95,100,7.09
171,Bambous Virieux,MU,2022-04-05 17:19:08,-20.3428,57.7575,79.05,89,75,6.91
172,Zmeinogorsk,RU,2022-04-05 17:27:41,51.1567,82.195,38.68,84,42,7.78
173,Hongjiang,CN,2022-04-05 17:27:41,27.11,109.9956,60.04,82,95,1.41
174,Maningrida,AU,2022-04-05 17:27:41,-12.0667,134.2667,78.1,88,61,5.48
175,Tuchola,PL,2022-04-05 17:27:42,53.5879,17.8591,41.02,76,99,9.06
176,Zeya,RU,2022-04-05 17:27:42,53.75,127.2667,20.98,51,100,11.14
177,Katsuura,JP,2022-04-05 17:27:43,35.1333,140.3,55.47,78,100,2.13
178,San Juan De Los Morros,VE,2022-04-05 17:23:39,9.9115,-67.3538,92.07,36,92,6.38
179,Ancud,CL,2022-04-05 17:23:53,-41.8697,-73.8203,57.22,92,100,13.76
180,Pozo Colorado,PY,2022-04-05 17:27:43,-23.4923,-58.7972,98.38,32,9,6.42
181,Fairbanks,US,2022-04-05 17:25:14,64.8378,-147.7164,14.31,79,100,0.0
182,Lavrentiya,RU,2022-04-05 17:20:16,65.5833,-171.0,-9.81,93,67,8.86
183,Naze,JP,2022-04-05 17:28:44,28.3667,129.4833,50.92,63,16,1.12
184,Palu,ID,2022-04-05 17:28:44,-0.8917,119.8707,75.06,90,50,2.44
185,Mapimi,MX,2022-04-05 17:28:45,25.8167,-103.85,74.66,13,72,6.73
186,Raudeberg,NO,2022-04-05 17:28:45,61.9875,5.1352,38.07,52,39,18.79
187,Amurzet,RU,2022-04-05 17:28:45,47.6967,131.0981,28.53,51,2,17.52
188,La Libertad,EC,2022-04-05 17:28:46,-2.2333,-80.9,82.06,69,0,8.05
189,Vieques,PR,2022-04-05 17:28:46,18.425,-65.8329,88.66,51,20,23.02
190,Kautokeino,NO,2022-04-05 17:28:46,69.0125,23.0412,24.03,94,100,27.4
191,Makakilo City,US,2022-04-05 17:25:06,21.3469,-158.0858,73.18,76,75,10.36
192,Sitka,US,2022-04-05 17:20:17,57.0531,-135.33,39.09,75,75,5.75
193,Kuytun,RU,2022-04-05 17:28:47,54.3419,101.5036,30.67,99,100,2.84
194,Starodub,RU,2022-04-05 17:28:47,52.5844,32.7633,36.46,97,100,15.14
195,Dinar,TR,2022-04-05 17:28:48,38.065,30.1656,62.56,54,95,11.27
196,Smidovich,RU,2022-04-05 17:28:48,48.6,133.8167,26.28,73,52,21.81
197,Suicheng,CN,2022-04-05 17:28:48,33.8963,117.9331,56.59,78,0,5.93
198,Ushumun,RU,2022-04-05 17:28:49,52.7833,126.5333,20.77,47,91,18.32
199,Lumphat,KH,2022-04-05 17:28:49,13.4878,106.9816,75.34,72,64,7.81
200,Dingle,PH,2022-04-05 17:28:49,10.9995,122.6711,75.45,92,100,6.76
201,Sao Felix Do Xingu,BR,2022-04-05 17:28:50,-6.6447,-51.995,84.87,65,100,1.68
202,Santa Fe,AR,2022-04-05 17:25:30,-31.6333,-60.7,82.02,47,0,4.0
203,Varnamo,SE,2022-04-05 17:28:50,57.186,14.04,37.06,65,97,12.03
204,Gat,IL,2022-04-05 17:28:50,31.61,34.7642,81.28,31,91,3.49
205,Flin Flon,CA,2022-04-05 17:28:51,54.7682,-101.865,40.84,56,20,9.22
206,Vizinga,RU,2022-04-05 17:28:51,61.0749,50.1031,18.54,95,97,2.24
207,Sulangan,PH,2022-04-05 17:28:51,11.1373,123.7228,80.83,79,94,8.34
208,San Rafael,AR,2022-04-05 17:25:17,-34.6177,-68.3301,80.33,17,0,6.67
209,Moron,AR,2022-04-05 17:28:52,-34.6534,-58.6198,75.99,44,0,5.3
210,Bud,US,2022-04-05 17:28:52,39.447,-86.1758,55.38,93,100,10.25
211,Tete,MZ,2022-04-05 17:28:53,-16.1564,33.5867,84.31,64,99,2.89
212,Kieta,PG,2022-04-05 17:28:53,-6.2167,155.6333,78.28,87,100,5.26
213,Miles City,US,2022-04-05 17:28:53,46.4083,-105.8406,43.77,39,100,31.07
214,Nouadhibou,MR,2022-04-05 17:28:54,20.931,-17.0347,73.38,49,0,26.46
215,Sann,PK,2022-04-05 17:28:54,26.0418,68.1378,85.91,13,1,13.87
216,Zwedru,LR,2022-04-05 17:28:54,6.0667,-8.1281,89.73,49,96,3.42
217,Sibolga,ID,2022-04-05 17:28:55,1.7427,98.7792,76.62,88,96,3.71
218,Bubaque,GW,2022-04-05 17:28:55,11.2833,-15.8333,76.21,74,3,21.43
219,Tuatapere,NZ,2022-04-05 17:28:55,-46.1333,167.6833,50.59,82,99,12.48
220,Puri,IN,2022-04-05 17:28:56,19.8,85.85,81.12,87,14,18.07
221,Anadyr,RU,2022-04-05 17:20:20,64.75,177.4833,-12.5,77,0,11.18
222,Thunder Bay,CA,2022-04-05 17:26:05,48.4001,-89.3168,36.28,93,100,16.11
223,San Roque,ES,2022-04-05 17:28:56,36.2107,-5.3842,56.23,82,75,9.22
224,Dongsheng,CN,2022-04-05 17:29:57,39.8161,109.9776,50.52,18,62,7.07
225,Cabedelo,BR,2022-04-05 17:29:58,-6.9811,-34.8339,86.67,70,55,13.31
226,Provideniya,RU,2022-04-05 17:29:58,64.3833,-173.3,-0.54,80,85,6.33
227,Faanui,PF,2022-04-05 17:20:25,-16.4833,-151.75,82.92,76,49,21.09
228,Ugoofaaru,MV,2022-04-05 17:29:59,5.6667,73.0,83.61,68,99,2.35
229,Kempele,FI,2022-04-05 17:29:59,64.9131,25.5034,33.82,93,100,11.5
230,Trelew,AR,2022-04-05 17:29:59,-43.249,-65.3051,76.95,30,48,26.6
231,Deputatskiy,RU,2022-04-05 17:30:00,69.3,139.9,-18.29,100,100,2.15
232,Saint-Pierre,RE,2022-04-05 17:30:00,-21.3393,55.4781,78.48,86,0,5.75
233,Banda Aceh,ID,2022-04-05 17:25:03,5.5577,95.3222,77.31,85,100,4.14
234,Stornoway,GB,2022-04-05 17:30:01,58.2093,-6.3865,40.96,94,75,9.22
235,Hervey Bay,AU,2022-04-05 17:30:02,-25.2986,152.8535,74.26,75,2,12.91
236,Geraldton,AU,2022-04-05 17:30:03,-28.7667,114.6,66.61,68,5,12.66
237,Faya,SA,2022-04-05 17:30:03,18.3851,42.4509,71.71,19,1,6.89
238,Keti Bandar,PK,2022-04-05 17:30:04,24.1447,67.4497,80.78,68,73,10.76
239,Coahuayana,MX,2022-04-05 17:30:05,18.7333,-103.6833,85.71,40,8,7.83
240,La Ronge,CA,2022-04-05 17:30:06,55.1001,-105.2842,39.45,56,75,14.97
241,Constantine,DZ,2022-04-05 17:26:07,36.365,6.6147,72.81,35,75,16.11
242,South Milwaukee,US,2022-04-05 17:27:46,42.9106,-87.8606,45.36,80,100,13.8
243,Beloha,MG,2022-04-05 17:30:07,-25.1667,45.05,74.5,79,32,3.15
244,Sorland,NO,2022-04-05 17:30:07,67.667,12.6934,32.31,63,64,28.52
245,Kurilsk,RU,2022-04-05 17:30:08,45.2333,147.8833,38.79,93,21,13.2
246,Butwal,NP,2022-04-05 17:30:08,27.7006,83.4484,77.13,23,12,6.53
247,Arlit,NE,2022-04-05 17:30:09,18.7369,7.3853,97.5,4,50,11.61
248,Les Cayes,HT,2022-04-05 17:30:09,18.2,-73.75,82.35,67,64,11.1
249,Mastic Beach,US,2022-04-05 17:30:10,40.7668,-72.8521,54.48,54,100,10.36
250,Vardo,NO,2022-04-05 17:30:11,70.3705,31.1107,31.98,74,75,27.63
251,Trojan,PL,2022-04-05 17:30:11,53.7897,20.2404,34.39,88,100,4.52
252,Namatanai,PG,2022-04-05 17:30:11,-3.6667,152.4333,77.97,90,100,7.47
253,Ligayan,PH,2022-04-05 17:30:12,4.6533,119.4706,81.28,80,83,17.2
254,Shelbyville,US,2022-04-05 17:27:43,35.4834,-86.4603,61.52,82,100,17.27
255,Avera,US,2022-04-05 17:30:12,33.194,-82.5271,67.51,88,88,17.47
256,Lagoa,PT,2022-04-05 17:30:13,39.05,-27.9833,59.94,79,69,10.45
257,Aykhal,RU,2022-04-05 17:30:13,66.0,111.5,-10.21,100,84,4.23
258,Fenelon Falls,CA,2022-04-05 17:30:13,44.5334,-78.7496,49.23,75,100,9.08
259,Sinnamary,GF,2022-04-05 17:30:14,5.3833,-52.95,79.63,84,97,10.11
260,Pasighat,IN,2022-04-05 17:30:14,28.0667,95.3333,68.29,91,100,4.59
261,Mount Gambier,AU,2022-04-05 17:30:16,-37.8333,140.7667,57.11,94,100,10.36
262,Onguday,RU,2022-04-05 17:30:16,50.75,86.15,35.46,86,35,3.62
263,Guerrero Negro,MX,2022-04-05 17:30:16,27.9769,-114.0611,71.19,49,26,3.02
264,Le Port,RE,2022-04-05 17:30:17,-20.9373,55.2919,78.8,81,90,5.12
265,Lazaro Cardenas,MX,2022-04-05 17:30:17,17.9583,-102.2,80.8,51,3,8.1
266,Pincher Creek,CA,2022-04-05 17:30:17,49.4833,-113.952,42.49,34,0,34.52
267,Puerto El Triunfo,SV,2022-04-05 17:30:18,13.2833,-88.55,92.26,58,36,12.03
268,Bilibino,RU,2022-04-05 17:30:18,68.0546,166.4372,-19.68,91,7,4.36
269,Nantucket,US,2022-04-05 17:30:19,41.2835,-70.0995,53.74,47,0,12.66
270,Rapid City,US,2022-04-05 17:31:19,44.0805,-103.231,48.45,29,0,36.82
271,Kahone,SN,2022-04-05 17:31:19,14.15,-16.0333,95.02,24,0,9.22
272,Nara,JP,2022-04-05 17:31:20,34.6851,135.8049,56.52,54,100,0.85
273,Ballina,AU,2022-04-05 17:30:12,-28.8667,153.5667,68.18,96,100,0.0
274,Kamaishi,JP,2022-04-05 17:31:20,39.2667,141.8833,44.01,91,54,8.9
275,Mackay,AU,2022-04-05 17:31:21,-21.15,149.2,78.78,73,75,14.97
276,San Andres,CO,2022-04-05 17:31:21,12.5847,-81.7006,86.02,70,40,13.8
277,Flinders,AU,2022-04-05 17:31:21,-34.5833,150.8552,67.37,88,100,5.01
278,Roma,US,2022-04-05 17:31:22,43.2128,-75.4557,59.72,47,0,4.61
279,Nieuwpoort,BE,2022-04-05 17:31:22,51.1244,2.7735,54.09,85,99,15.95
280,Holme,DK,2022-04-05 17:31:22,56.1138,10.1725,40.57,66,100,11.97
281,Bonavista,CA,2022-04-05 17:31:23,48.6499,-53.1147,35.58,92,99,15.77
282,Alugan,PH,2022-04-05 17:31:23,12.2188,125.4808,78.76,88,100,12.39
283,Svetlogorsk,BY,2022-04-05 17:31:24,52.6333,29.7333,36.41,92,100,13.87
284,Port Blair,IN,2022-04-05 17:31:24,11.6667,92.75,78.84,94,100,2.3
285,Teya,RU,2022-04-05 17:31:25,60.3778,92.6267,35.35,99,100,4.85
286,Synya,RU,2022-04-05 17:31:25,65.3718,58.0387,12.4,96,100,6.38
287,Outjo,NA,2022-04-05 17:31:25,-20.1167,16.15,71.11,33,1,7.23
288,Coihaique,CL,2022-04-05 17:27:36,-45.5752,-72.0662,59.61,82,100,5.75
289,Kaduqli,SD,2022-04-05 17:31:26,11.0167,29.7167,96.87,17,56,2.51
290,Leningradskiy,RU,2022-04-05 17:31:26,69.3833,178.4167,-13.41,89,16,9.46
291,Marsa Matruh,EG,2022-04-05 17:31:27,31.3525,27.2453,97.0,9,100,4.61
292,Lata,PT,2022-04-05 17:31:27,40.1629,-8.3327,55.81,51,96,5.55
293,Richards Bay,ZA,2022-04-05 17:31:27,-28.783,32.0377,72.61,88,5,4.92
294,Maneadero,MX,2022-04-05 17:31:28,31.7167,-116.5667,70.2,57,0,5.64
295,Dale,US,2022-04-05 17:31:28,38.1689,-86.99,55.58,94,100,9.22
296,Batagay,RU,2022-04-05 17:31:28,67.6333,134.6333,-19.08,100,54,0.81
297,Astara,AZ,2022-04-05 17:31:29,38.5,48.6667,62.58,59,9,2.64
298,Mehamn,NO,2022-04-05 17:31:29,71.0357,27.8492,30.15,64,75,18.41
299,Jinchang,CN,2022-04-05 17:31:29,38.4953,102.1739,53.19,20,0,11.54
300,Luderitz,NA,2022-04-05 17:31:30,-26.6481,15.1594,62.47,81,0,14.12
301,Lamu,KE,2022-04-05 17:31:30,-2.2717,40.902,81.66,78,4,14.47
302,San Cristobal,VE,2022-04-05 17:31:30,7.7669,-72.225,80.78,50,100,5.53
303,Saint-Francois,FR,2022-04-05 17:31:31,46.4154,3.9054,53.04,76,100,3.44
304,Yongchang,CN,2022-04-05 17:31:31,30.0381,119.7317,52.57,81,64,3.13
305,Bayshore Gardens,US,2022-04-05 17:30:26,27.4253,-82.5904,89.06,55,0,24.16
306,Baragua,CU,2022-04-05 17:31:31,21.6967,-78.6328,94.08,33,0,8.32
307,Mitsamiouli,KM,2022-04-05 17:31:32,-11.3847,43.2844,82.06,76,22,7.49
308,Vallenar,CL,2022-04-05 17:31:32,-28.5708,-70.7581,86.34,16,0,8.52
309,Gumla,IN,2022-04-05 17:31:32,23.05,84.55,79.18,9,15,5.66
310,Amapa,BR,2022-04-05 17:31:33,1.0,-52.0,78.87,94,91,3.18
311,Muros,ES,2022-04-05 17:31:33,42.7762,-9.0603,67.68,46,0,15.73
312,Sao Joao Da Barra,BR,2022-04-05 17:31:33,-21.6403,-41.0511,89.69,73,72,6.26
313,Tiksi,RU,2022-04-05 17:31:34,71.6872,128.8694,-18.44,100,100,1.79
314,Kirakira,SB,2022-04-05 17:31:34,-10.4544,161.9205,79.84,87,99,12.71
315,Aitape,PG,2022-04-05 17:31:34,-3.1374,142.3475,78.8,84,100,4.03
316,Agadez,NE,2022-04-05 17:31:35,19.75,10.25,91.8,6,58,6.35
317,Sur,OM,2022-04-05 17:31:35,22.5667,59.5289,83.75,51,4,9.64
318,Kavaratti,IN,2022-04-05 17:31:35,10.5669,72.642,83.43,74,11,6.15
319,Alpena,US,2022-04-05 17:31:36,45.0617,-83.4327,37.65,99,100,5.01
320,Luoyang,CN,2022-04-05 17:32:36,34.6836,112.4536,59.74,37,0,4.03
321,Maungaturoto,NZ,2022-04-05 17:32:36,-36.1,174.3667,66.67,95,87,4.41
322,Esperance,AU,2022-04-05 17:32:37,-33.8667,121.9,60.64,70,62,6.67
323,Vuktyl,RU,2022-04-05 17:32:37,63.8567,57.3094,15.94,91,100,8.32
324,Brae,GB,2022-04-05 17:32:37,60.3964,-1.353,38.52,64,100,7.56
325,Statesboro,US,2022-04-05 17:28:49,32.4488,-81.7832,78.33,73,100,12.66
326,Bani,DO,2022-04-05 17:28:58,18.2833,-70.3333,87.24,53,79,14.03
327,Nieuw Amsterdam,SR,2022-04-05 17:32:38,5.8833,-55.0833,90.14,66,40,11.5
328,Marienburg,PL,2022-04-05 17:32:38,54.0359,19.0266,39.11,72,99,7.31
329,Santa Isabel Do Rio Negro,BR,2022-04-05 17:32:39,-0.4139,-65.0192,80.67,91,100,2.55
330,Darlowo,PL,2022-04-05 17:32:39,54.421,16.4107,38.64,72,84,15.5
331,Port Townsend,US,2022-04-05 17:31:20,48.117,-122.7605,49.32,75,75,7.0
332,San Patricio,US,2022-04-05 17:32:39,28.017,-97.5169,83.16,63,100,6.93
333,Komsomolskiy,UZ,2022-04-05 17:32:40,40.4272,71.7189,65.12,52,0,6.91
334,Ahipara,NZ,2022-04-05 17:32:40,-35.1667,173.1667,65.66,94,88,6.17
335,Shingu,JP,2022-04-05 17:32:40,33.7333,135.9833,51.4,64,100,5.01
336,Biltine,TD,2022-04-05 17:32:41,14.5333,20.9167,95.22,9,0,8.68
337,Matara,LK,2022-04-05 17:32:41,5.9485,80.5353,76.91,86,60,2.82
338,Beringovskiy,RU,2022-04-05 17:32:41,63.05,179.3167,-12.75,94,53,6.76
339,Espinosa,BR,2022-04-05 17:32:42,-14.9261,-42.8192,93.34,24,0,5.32
340,Sawtell,AU,2022-04-05 17:32:42,-30.3833,153.1,68.18,88,100,8.05
341,Aksu,CN,2022-04-05 17:32:42,41.1231,80.2644,63.41,22,0,4.25
342,Tura,IN,2022-04-05 17:32:43,25.5198,90.2201,73.47,78,1,5.73
343,Guilin,CN,2022-04-05 17:32:43,25.2819,110.2864,59.11,76,20,3.58
344,Calceta,EC,2022-04-05 17:32:43,-0.85,-80.1667,86.45,66,76,3.51
345,Baruun-Urt,MN,2022-04-05 17:32:44,46.6806,113.2792,29.05,25,100,2.24
346,Sungaipenuh,ID,2022-04-05 17:32:44,-2.0833,101.3833,65.14,98,100,0.94
347,Suba,PH,2022-04-05 17:32:44,10.8438,121.0102,82.81,75,100,19.77
348,Nanortalik,GL,2022-04-05 17:32:45,60.1432,-45.2371,34.12,83,95,3.85
349,Muvattupula,IN,2022-04-05 17:32:45,9.9667,76.5833,74.95,90,47,1.3
350,Camargo,MX,2022-04-05 17:32:45,27.6667,-105.1667,75.99,16,0,6.53
351,Kloulklubed,PW,2022-04-05 17:32:46,7.0419,134.2556,81.91,79,75,5.75
352,Pochutla,MX,2022-04-05 17:32:46,15.7432,-96.4661,85.82,36,0,11.41
353,Baiyin,CN,2022-04-05 17:32:46,36.5583,104.2081,52.12,17,45,3.65
354,Pedernales,DO,2022-04-05 17:32:47,18.0384,-71.744,84.43,61,85,4.36
355,Pacific Grove,US,2022-04-05 17:32:47,36.6177,-121.9166,64.58,79,0,8.99
356,Axim,GH,2022-04-05 17:32:47,4.8699,-2.2405,82.96,77,98,6.71
357,Vila Franca Do Campo,PT,2022-04-05 17:32:48,37.7167,-25.4333,61.21,57,90,2.04
358,Berezniki,RU,2022-04-05 17:32:48,59.4152,56.8124,25.07,92,98,6.67
359,Takoradi,GH,2022-04-05 17:32:48,4.8845,-1.7554,82.99,75,100,7.83
360,Langenburg,DE,2022-04-05 17:32:49,49.2544,9.8458,46.85,93,100,8.05
361,Kidal,ML,2022-04-05 17:32:49,18.4411,1.4078,99.05,3,3,10.45
362,Isla Vista,US,2022-04-05 17:32:49,34.4133,-119.861,83.79,37,3,4.0
363,Manaure,CO,2022-04-05 17:32:50,11.7751,-72.4445,87.26,56,87,13.76
364,Cham,DE,2022-04-05 17:28:48,49.245,12.6825,45.81,98,100,8.79
365,Port Macquarie,AU,2022-04-05 17:32:50,-31.4333,152.9167,64.29,94,40,0.0
366,Fort Dodge,US,2022-04-05 17:28:15,42.4975,-94.168,46.02,81,100,11.5
367,Grand Island,US,2022-04-05 17:29:45,40.925,-98.342,56.61,66,20,13.8
368,Kaili,ID,2022-04-05 17:33:51,-3.4626,120.2147,65.93,94,99,2.77
369,Saint Anthony,US,2022-04-05 17:33:51,45.0205,-93.218,39.24,90,100,19.57
370,Kaitangata,NZ,2022-04-05 17:33:51,-46.2817,169.8464,50.83,88,100,11.39
371,Belyy Yar,RU,2022-04-05 17:33:52,53.6039,91.3903,40.89,84,96,2.24
372,Singaraja,ID,2022-04-05 17:33:52,-8.112,115.0882,78.28,80,50,5.23
373,Jumla,NP,2022-04-05 17:33:52,29.2747,82.1838,48.83,32,17,4.18
374,Ostrovnoy,RU,2022-04-05 17:33:53,68.0531,39.5131,25.63,91,100,14.7
375,Pontes E Lacerda,BR,2022-04-05 17:29:16,-15.2261,-59.3353,88.23,55,8,3.06
376,Plettenberg Bay,ZA,2022-04-05 17:33:53,-34.0527,23.3716,62.31,78,62,10.04
377,Ambanja,MG,2022-04-05 17:33:53,-13.6833,48.45,76.51,91,42,1.59
378,Bintulu,MY,2022-04-05 17:33:54,3.1667,113.0333,77.41,94,40,0.0
379,Tromso,NO,2022-04-05 17:33:54,69.6496,18.957,28.42,74,100,19.57
380,Ostrov,RU,2022-04-05 17:33:54,57.3439,28.3537,31.73,74,86,13.15
381,Garden City,US,2022-04-05 17:33:55,42.3256,-83.331,57.78,57,75,4.61
382,Ryotsu,JP,2022-04-05 17:33:55,38.0833,138.4333,49.21,82,100,7.65
383,Miastko,PL,2022-04-05 17:33:55,54.0028,16.9826,40.51,79,94,6.11
384,Bollnas,SE,2022-04-05 17:33:56,61.3482,16.3946,26.91,54,91,9.73
385,Palo Negro,VE,2022-04-05 17:33:56,10.1739,-67.5419,86.5,48,99,3.91
386,Dickinson,US,2022-04-05 17:32:08,29.4608,-95.0513,86.13,83,100,9.22
387,Boa Vista,BR,2022-04-05 17:30:29,2.8197,-60.6733,87.78,55,75,10.36
388,Riyadh,SA,2022-04-05 17:29:18,24.6877,46.7219,86.14,8,0,14.12
389,Nemuro,JP,2022-04-05 17:33:57,43.3236,145.575,37.26,97,76,19.57
390,Henties Bay,NA,2022-04-05 17:33:57,-22.116,14.2845,62.56,76,0,11.72
391,Kijang,KR,2022-04-05 17:33:57,35.2442,129.2139,49.73,41,89,2.57
392,Enshi,CN,2022-04-05 17:33:58,30.3,109.4833,57.16,83,100,1.57
393,Istanbul,TR,2022-04-05 17:30:28,41.0351,28.9833,51.22,82,0,4.61
394,Laguna,US,2022-04-05 17:33:58,38.421,-121.4238,64.29,44,0,14.97
395,Umba,RU,2022-04-05 17:33:59,66.6871,34.3429,30.34,96,100,23.29
396,Port-Gentil,GA,2022-04-05 17:33:59,-0.7193,8.7815,82.36,78,20,9.22
397,Norman Wells,CA,2022-04-05 17:34:00,65.282,-126.8329,-3.96,59,20,5.75
398,Sa Kaeo,TH,2022-04-05 17:34:00,13.75,102.3333,79.3,59,17,4.81
399,Chenghai,CN,2022-04-05 17:34:00,23.4632,116.768,60.71,94,8,2.24
400,San Policarpo,PH,2022-04-05 17:34:01,12.1791,125.5072,79.23,87,100,13.22
401,Okha,RU,2022-04-05 17:34:01,53.5739,142.9478,29.98,98,100,13.53
402,Mandalgovi,MN,2022-04-05 17:34:01,45.7625,106.2708,37.22,51,51,6.22
403,Pulsano,IT,2022-04-05 17:34:02,40.3821,17.3564,58.82,55,0,11.5
404,Durres,AL,2022-04-05 17:34:02,41.3231,19.4414,51.98,61,0,10.2
405,Ostersund,SE,2022-04-05 17:34:03,63.1792,14.6357,25.61,39,0,17.27
406,Sahibganj,IN,2022-04-05 17:34:03,25.25,87.65,81.72,67,1,9.26
407,Khem Karan,IN,2022-04-05 17:34:04,31.1428,74.5667,82.49,10,16,6.71
408,Dicabisagan,PH,2022-04-05 17:34:05,17.0818,122.4157,76.41,90,99,7.94
409,Wanlaweyn,SO,2022-04-05 17:34:05,2.6185,44.8938,81.41,68,37,18.9
410,Hambantota,LK,2022-04-05 17:35:05,6.1241,81.1185,78.6,82,33,4.16
411,Zinder,NE,2022-04-05 17:35:06,13.8072,8.9881,105.76,6,0,6.91
412,Pindwara,IN,2022-04-05 17:35:06,24.8,73.0667,85.03,18,26,4.45
413,Kudahuvadhoo,MV,2022-04-05 17:35:07,2.6708,72.8944,83.52,63,75,1.16
414,Airai,TL,2022-04-05 17:35:07,-8.9266,125.4092,58.08,88,81,1.81
415,Chicama,PE,2022-04-05 17:35:07,-7.8447,-79.1469,68.54,60,17,9.84
416,New Ulm,US,2022-04-05 17:32:00,44.3125,-94.4605,43.29,81,100,21.85
417,Lorengau,PG,2022-04-05 17:35:08,-2.0226,147.2712,82.2,82,100,13.94
418,Paita,PE,2022-04-05 17:35:08,-5.0892,-81.1144,78.37,67,37,12.8
419,Nogliki,RU,2022-04-05 17:35:08,51.8333,143.1667,35.28,93,100,13.91
420,Antofagasta,CL,2022-04-05 17:35:09,-23.65,-70.4,72.21,49,50,9.69
421,Raglan,NZ,2022-04-05 17:35:09,-37.8,174.8833,64.09,95,96,7.9
422,Sobolevo,RU,2022-04-05 17:35:09,54.4299,31.8996,34.27,97,100,16.6
423,Iracoubo,GF,2022-04-05 17:35:10,5.4802,-53.2011,77.7,88,91,8.59
424,Skibbereen,IE,2022-04-05 17:31:37,51.55,-9.2667,51.12,93,100,24.29
425,Kununurra,AU,2022-04-05 17:35:10,-15.7667,128.7333,75.18,83,75,0.0
426,Magadan,RU,2022-04-05 17:35:10,59.5667,150.8,13.28,85,98,10.33
427,Asfi,MA,2022-04-05 17:35:11,32.2994,-9.2372,59.5,71,90,20.67
428,Souillac,MU,2022-04-05 17:35:11,-20.5167,57.5167,79.18,89,75,6.91
429,Veraval,IN,2022-04-05 17:35:11,20.9,70.3667,79.29,74,7,12.57
430,Krasnoselkup,RU,2022-04-05 17:35:12,65.7,82.4667,34.56,100,100,21.41
431,Makat,KZ,2022-04-05 17:35:12,47.6469,53.3463,50.27,54,100,11.81
432,Topi,PK,2022-04-05 17:35:12,34.0704,72.6236,74.5,25,0,7.23
433,Alta Floresta,BR,2022-04-05 17:35:14,-9.8756,-56.0861,82.22,78,100,3.44
434,Rudbar,AF,2022-04-05 17:35:14,30.15,62.6,85.24,7,6,8.93
435,General Roca,AR,2022-04-05 17:35:15,-39.0333,-67.5833,80.62,25,51,13.67
436,Ilheus,BR,2022-04-05 17:35:16,-14.7889,-39.0494,84.02,74,20,8.05
437,Auki,SB,2022-04-05 17:35:17,-8.7676,160.7034,75.69,94,100,5.46
438,Bathsheba,BB,2022-04-05 17:35:17,13.2167,-59.5167,83.01,69,75,9.22
439,Nampula,MZ,2022-04-05 17:35:18,-15.1165,39.2666,80.55,74,40,9.22
440,Narsaq,GL,2022-04-05 17:35:18,60.9167,-46.05,44.82,62,84,3.56
441,San Quintin,MX,2022-04-05 17:35:18,30.4833,-115.95,67.46,67,1,7.11
442,Upernavik,GL,2022-04-05 17:35:19,72.7868,-56.1549,26.53,95,100,6.73
443,Shirokiy,RU,2022-04-05 17:35:19,49.758,129.523,22.77,69,100,20.07
444,Porto Tolle,IT,2022-04-05 17:35:19,44.9497,12.3245,56.03,78,1,9.33
445,Vestmannaeyjar,IS,2022-04-05 17:35:20,63.4427,-20.2734,31.19,64,40,10.36
446,Jacareacanga,BR,2022-04-05 17:35:20,-6.2222,-57.7528,87.08,58,80,4.07
447,San Carlos,VE,2022-04-05 17:35:20,9.6612,-68.5827,90.07,42,96,1.43
448,Thiadiaye,SN,2022-04-05 17:35:21,14.4205,-16.7056,74.21,33,0,17.85
449,Praia Da Vitoria,PT,2022-04-05 17:33:04,38.7333,-27.0667,66.45,68,75,6.6
450,Redmond,US,2022-04-05 17:34:48,47.674,-122.1215,50.2,72,97,5.99
451,Taman,RU,2022-04-05 17:35:21,45.2117,36.7161,44.4,77,0,13.02
452,Bengkulu,ID,2022-04-05 17:35:21,-3.8004,102.2655,77.4,81,100,3.69
453,Barcelona,ES,2022-04-05 17:34:05,41.3888,2.159,58.82,57,0,8.05
454,Harper,LR,2022-04-05 17:35:22,4.375,-7.7169,83.43,77,98,9.95
455,Kshenskiy,RU,2022-04-05 17:35:22,51.8408,37.7136,38.7,75,100,18.95
456,Teguise,ES,2022-04-05 17:35:23,29.0605,-13.564,62.82,52,40,17.27
457,Prince Rupert,CA,2022-04-05 17:35:23,54.3161,-130.3201,42.49,81,40,9.22
458,Hearst,CA,2022-04-05 17:36:23,49.6835,-83.6665,44.85,92,96,6.42
459,Talara,PE,2022-04-05 17:36:24,-4.5772,-81.2719,88.56,51,20,12.66
460,Hit,IQ,2022-04-05 17:36:24,33.6416,42.8251,79.75,16,68,7.16
461,Margate,GB,2022-04-05 17:36:25,51.3813,1.3862,54.7,70,79,1.01
462,Rio Bueno,CL,2022-04-05 17:36:25,-40.3167,-72.9667,62.74,59,84,4.88
463,Tecoanapa,MX,2022-04-05 17:36:25,16.5167,-98.75,82.72,57,6,11.3
464,Coquimbo,CL,2022-04-05 17:33:03,-29.9533,-71.3436,58.73,88,75,16.11
465,Aqtobe,KZ,2022-04-05 17:36:26,50.2797,57.2072,33.89,80,40,6.71
466,Fort Wellington,GY,2022-04-05 17:36:26,6.4,-57.6,83.3,60,19,8.3
467,Aripuana,BR,2022-04-05 17:36:26,-9.1667,-60.6333,84.25,81,54,3.02
468,Tahoua,NE,2022-04-05 17:36:27,14.8888,5.2692,105.78,6,0,8.05
469,Clovis,US,2022-04-05 17:35:12,36.8252,-119.7029,68.67,65,20,13.8
470,Magadi,IN,2022-04-05 17:36:27,12.9667,77.2333,78.96,36,57,7.65
471,Stony Plain,CA,2022-04-05 17:34:55,53.5334,-114.0021,42.91,57,20,19.57
472,Nexo,DK,2022-04-05 17:36:28,55.0607,15.1306,39.29,66,84,18.01
473,Kinsale,IE,2022-04-05 17:36:28,51.7075,-8.5306,54.23,76,75,20.71
474,Nabire,ID,2022-04-05 17:36:29,-3.3667,135.4833,75.49,85,95,4.09
475,Gomel,BY,2022-04-05 17:36:29,52.4345,30.9754,37.81,93,75,11.18
476,Caconda,AO,2022-04-05 17:36:29,-13.7333,15.0667,64.69,82,87,3.33
477,Vanimo,PG,2022-04-05 17:36:30,-2.6741,141.3028,77.38,86,98,6.29
478,Buala,SB,2022-04-05 17:36:30,-8.145,159.5921,77.09,92,100,5.21
479,Toyooka,JP,2022-04-05 17:36:30,35.5333,134.8333,49.84,52,100,4.41
480,Atar,MR,2022-04-05 17:36:31,20.5169,-13.0499,88.97,15,0,12.24
481,Visnes,NO,2022-04-05 17:36:31,59.3556,5.2242,40.82,60,0,14.97
482,Palmer,US,2022-04-05 17:34:26,42.1584,-72.3287,60.15,36,40,4.61
483,Saryozek,KZ,2022-04-05 17:36:32,44.3583,77.9753,59.18,36,0,4.94
484,Sao Miguel Do Araguaia,BR,2022-04-05 17:36:32,-13.275,-50.1628,89.29,46,6,2.46
485,Ilulissat,GL,2022-04-05 17:36:32,69.2167,-51.1,30.22,69,40,3.44
486,Kalulushi,ZM,2022-04-05 17:36:33,-12.8378,28.0919,65.77,93,100,3.15
487,Padang,ID,2022-04-05 17:36:33,-0.9492,100.3543,80.65,89,100,3.8
488,Lagunas,PE,2022-04-05 17:36:33,-5.2269,-75.6753,89.29,56,16,2.75
489,Bara,NG,2022-04-05 17:36:34,10.3744,10.7288,103.78,11,95,4.0
490,Asyut,EG,2022-04-05 17:36:34,27.181,31.1837,95.18,6,3,10.4
491,Shimoda,JP,2022-04-05 17:36:34,34.6667,138.95,54.1,85,100,5.93
492,Okhotsk,RU,2022-04-05 17:36:35,59.3833,143.3,12.92,84,100,10.36
493,Hanstholm,DK,2022-04-05 17:36:35,57.1167,8.6167,39.61,71,83,21.9
494,Poum,NC,2022-04-05 17:36:35,-20.2333,164.0167,76.64,87,100,39.59
495,Rajsamand,IN,2022-04-05 17:36:36,25.0667,73.8833,85.53,17,7,12.1
496,Chimichagua,CO,2022-04-05 17:36:36,9.2578,-73.8123,81.81,71,100,3.58
497,East London,ZA,2022-04-05 17:36:36,-33.0153,27.9116,65.34,63,0,6.91
498,Salta,AR,2022-04-05 17:36:37,-24.7859,-65.4117,73.99,68,75,6.91
499,Namibe,AO,2022-04-05 17:36:37,-15.1961,12.1522,70.93,78,8,9.06
500,Salaga,GH,2022-04-05 17:36:37,8.5508,-0.5188,96.67,33,98,10.33
501,Rocha,UY,2022-04-05 17:36:38,-34.4833,-54.3333,77.36,20,0,4.52
502,Tutoia,BR,2022-04-05 17:37:38,-2.7619,-42.2744,81.36,81,63,6.73
503,Dalbandin,PK,2022-04-05 17:37:38,28.8947,64.4101,81.77,7,10,6.35
504,Spirit River,CA,2022-04-05 17:37:39,55.7833,-118.8361,36.03,45,99,6.67
505,Korhogo,CI,2022-04-05 17:37:39,9.45,-5.6333,89.01,39,80,7.9
506,Tucuman,AR,2022-04-05 17:37:40,-26.8241,-65.2226,73.4,64,40,3.44
507,Kungurtug,RU,2022-04-05 17:37:40,50.5994,97.5228,27.12,95,34,1.34
508,Strezhevoy,RU,2022-04-05 17:37:40,60.7333,77.5889,38.17,99,100,14.07
509,Broken Hill,AU,2022-04-05 17:37:41,-31.95,141.4333,65.91,34,57,11.5
510,Puerto Gaitan,CO,2022-04-05 17:33:09,4.3133,-72.0816,86.85,58,73,3.15
511,Vrangel,RU,2022-04-05 17:37:41,42.7297,133.0839,36.63,48,40,6.82
512,Ust-Kuyga,RU,2022-04-05 17:37:41,70.0167,135.6,-24.21,100,89,0.65
513,Seoul,KR,2022-04-05 17:34:31,37.5683,126.9778,46.0,60,75,2.3
514,Burgeo,CA,2022-04-05 17:37:42,47.6167,-57.6152,35.1,82,100,22.59
515,Ocos,GT,2022-04-05 17:37:42,14.5094,-92.1933,89.78,61,0,12.44
516,Naron,ES,2022-04-05 17:37:43,43.5167,-8.1528,59.68,69,5,12.35
517,Sale,MA,2022-04-05 17:34:02,34.0389,-6.8166,57.88,88,75,23.02
518,Kang,BW,2022-04-05 17:37:43,-23.6752,22.7876,72.75,28,1,7.2
519,Nome,US,2022-04-05 17:37:43,64.5011,-165.4064,5.07,56,75,17.27
520,Kalmunai,LK,2022-04-05 17:37:44,7.4167,81.8167,78.19,82,60,3.33
521,Waingapu,ID,2022-04-05 17:37:44,-9.6567,120.2641,77.02,84,55,6.06
522,Saint-Leu,RE,2022-04-05 17:37:45,-21.15,55.2833,77.86,82,70,2.98
523,Dharchula,IN,2022-04-05 17:37:45,29.85,80.5333,63.95,24,35,8.16
524,Te Anau,NZ,2022-04-05 17:37:45,-45.4167,167.7167,49.21,85,98,5.66
525,Mucurapo,TT,2022-04-05 17:37:46,10.6667,-61.5333,88.02,63,79,12.44
526,Palauig,PH,2022-04-05 17:37:46,15.435,119.9045,79.84,78,99,2.46
527,Pisco,PE,2022-04-05 17:37:46,-13.7,-76.2167,74.01,73,0,10.36
528,Tongchuan,CN,2022-04-05 17:37:47,35.0806,109.0897,57.74,27,0,5.73
529,North Bend,US,2022-04-05 17:35:00,43.4065,-124.2243,51.17,87,100,3.44
530,Bouza,NE,2022-04-05 17:37:47,14.4229,6.0428,92.46,7,37,5.41
531,Aguimes,ES,2022-04-05 17:37:48,27.9054,-15.4461,63.23,45,75,19.57
532,Owo,NG,2022-04-05 17:37:48,7.1962,5.5868,82.62,63,68,6.69
533,La Palma,US,2022-04-05 17:37:48,33.8464,-118.0467,75.22,73,40,9.22
534,Djambala,CG,2022-04-05 17:37:49,-2.5447,14.7533,71.53,86,92,2.59
535,Yining,CN,2022-04-05 17:37:49,29.0361,114.5636,55.35,88,100,0.92
536,Jijiga,ET,2022-04-05 17:37:49,9.35,42.8,70.92,46,16,12.12
537,Ukiah,US,2022-04-05 17:37:50,39.1502,-123.2078,59.43,50,0,9.22
538,Zhangye,CN,2022-04-05 17:37:50,38.9342,100.4517,53.4,19,0,3.29
539,Port-Cartier,CA,2022-04-05 17:37:50,50.0334,-66.8654,35.82,78,69,9.33
540,Matagami,CA,2022-04-05 17:37:51,49.7502,-77.6328,41.11,33,0,3.44
541,Islamnagar,IN,2022-04-05 17:37:51,28.3333,78.7167,81.14,7,26,7.18
542,Kurduvadi,IN,2022-04-05 17:37:51,18.0833,75.4333,95.0,13,81,8.39
543,Satipo,PE,2022-04-05 17:37:52,-11.2522,-74.6386,89.58,46,49,3.0
544,Pierre,US,2022-04-05 17:37:52,44.3683,-100.351,50.05,77,100,21.85
545,Curup,ID,2022-04-05 17:38:52,-3.4667,102.5333,68.07,98,100,1.14
546,San Joaquin,US,2022-04-05 17:38:53,37.9333,-121.3011,63.32,48,0,14.97
547,Terrace,CA,2022-04-05 17:37:48,54.5163,-128.6035,40.91,81,100,11.5
548,Ridgecrest,US,2022-04-05 17:35:43,35.6225,-117.6709,73.42,21,0,3.44
549,Burns Lake,CA,2022-04-05 17:38:53,54.2331,-125.7533,35.02,56,100,10.92
550,Sembakung,ID,2022-04-05 17:38:53,3.8167,117.25,73.98,99,98,2.39
551,Marawi,PH,2022-04-05 17:38:54,7.9986,124.2928,68.95,98,100,1.77
552,Ouargaye,BF,2022-04-05 17:38:54,11.5033,0.0572,101.84,20,81,2.13
553,Itaperucu,BR,2022-04-05 17:38:54,-25.22,-49.3478,76.41,79,63,2.26
554,Yulara,AU,2022-04-05 17:38:55,-25.2406,130.9889,73.24,35,40,10.36
555,Kilindoni,TZ,2022-04-05 17:38:55,-7.9139,39.6668,83.19,73,10,12.15
556,Badarpur,IN,2022-04-05 17:38:56,24.9,92.6,74.3,80,2,2.06
557,Seaforth,JM,2022-04-05 17:38:56,17.9358,-76.4573,88.14,57,27,10.49
558,Hami,CN,2022-04-05 17:38:56,42.8,93.45,61.03,18,0,1.03
559,Vila,PT,2022-04-05 17:38:57,42.0304,-8.1588,52.68,41,80,2.98
560,Kunzell,DE,2022-04-05 17:38:57,50.5442,9.7179,48.87,95,100,4.0
561,Salalah,OM,2022-04-05 17:38:57,17.0151,54.0924,80.69,83,0,3.44
562,Sarab,IR,2022-04-05 17:38:58,38.6066,44.9883,63.12,27,68,3.2
563,Tynda,RU,2022-04-05 17:38:58,55.1667,124.7167,6.46,88,99,4.92
564,Yarovoye,RU,2022-04-05 17:38:58,52.9273,78.58,49.06,81,74,9.06
565,Hirado,JP,2022-04-05 17:38:59,33.3597,129.5531,51.39,62,99,9.4
566,Omboue,GA,2022-04-05 17:38:59,-1.5746,9.2618,79.02,87,58,10.49
567,Pontevedra,ES,2022-04-05 17:38:59,42.431,-8.6444,67.59,52,32,0.51
568,Coracora,PE,2022-04-05 17:39:00,-15.0333,-73.7833,61.0,56,82,9.62
569,Uthal,PK,2022-04-05 17:39:00,25.8072,66.6219,82.38,45,0,7.87
570,Camacha,PT,2022-04-05 17:39:00,33.0833,-16.3333,60.22,55,20,18.41
571,Saint-Joseph,RE,2022-04-05 17:39:01,-21.3667,55.6167,77.38,86,76,8.52
572,High Level,CA,2022-04-05 17:35:04,58.5169,-117.136,30.31,74,40,6.91
573,Sibu,MY,2022-04-05 17:39:01,2.3,111.8167,75.51,100,40,2.3
574,Kelowna,CA,2022-04-05 17:36:34,49.8831,-119.4857,52.65,39,100,10.36
575,Meulaboh,ID,2022-04-05 17:39:02,4.1363,96.1285,77.72,85,100,3.18
